nt_motif,A,C,D,E,F,G,H,I,K,L,M,N,P,Q,R,S,T,V,W,Y
AAA,2.756411783103463,1.7993793761572692,2.5747380084058284,2.016226056691708,2.921890623578198,2.5880748662869144,2.297184837893457,2.8898214606672012,2.638957010240081,1.6040836082975418,1.6513667657442168,2.6366694928034633,2.3542427513886737,2.875574305177276,3.877250044773123,4.155983680950789,2.7243619393419665,2.523027630939648,3.486391516395377,4.22140068214537
AAC,2.4490289880463174,1.6769689852256742,2.424973504278621,1.633644151067793,2.8350732586254836,2.3893612997865303,2.553839622078879,2.8821121895269743,2.0128788453057394,1.5194058741528034,1.5297220581415851,1.6706188412869083,2.034710951566199,2.6256818284190038,3.474415356036345,3.8148208175808316,2.030653027410154,2.4308874064174555,3.010553997407,4.119552362158715
AAG,1.2585947745542767,1.3717495373010082,1.5637535006336687,2.2396287257192244,1.2509865764863648,2.240138593467108,1.527035351366201,1.5705019608176565,3.102278881284345,1.9392292697781868,1.8872675645464678,2.4800965390189305,0.9888205008837617,1.1965382550438595,3.7305356937877594,2.0767274100037527,1.7230474609921045,2.2100781502077513,1.0533379616523038,1.2024202330376714
AAT,1.2178429332919942,0.0,0.7865051156165158,1.9664605771930124,2.3138284080818816,0.8795532295997736,1.4210308697928313,1.9946035841280654,2.4774233016425056,1.6245266609865732,0.8853791700175675,1.9234693770633606,1.6563940621843198,2.122458164205806,2.7630849246322624,1.1717840526943657,1.565395226210864,1.5566568031607573,2.1110880299972,1.1401797148833273
ACA,2.7495760671494267,0.9814796597221467,2.3003699851071002,1.0312996288065046,3.0863880628960385,2.32036131068887,2.4682996371668176,3.2112911862157816,2.0046330571087916,1.7680705963072394,1.9453388523047452,1.8297053139705226,2.171902710926842,2.888043560656061,3.5783999914325215,3.957664941260494,1.9852436505583921,2.363267862735441,3.1304224703007115,4.126135972467076
ACC,2.5263781780864183,1.037883654501345,2.4328233678779188,2.783621499786082,3.008186111227259,2.2731809231471813,1.7899847500605859,2.525751989403277,2.8253307886335626,2.7950784063572955,2.9491591400211012,3.1338275049862787,2.795426860725091,3.6434318655697737,3.430946841755421,3.0743947835247583,2.6205542801727475,2.13064397872953,3.342738839676435,3.038857456535658
ACG,0.9013534634871208,1.668512004891041,1.6322314071753234,1.4662048847425888,2.321415315336709,2.1439432761619495,2.2281432400225847,2.1231786354434994,2.160470491801317,1.4046151243241751,1.4042458549171983,1.681225221220554,2.046742304883596,1.648505161170631,3.3275707953858302,2.939134532938751,2.147981700072703,1.6967176767010863,0.4095450215378411,3.1022903970228906
ACT,2.5280551001441984,1.797146400722174,2.171902710926842,2.127055484413416,2.364834518166916,1.3794868022640345,2.382265757815437,2.537977674515932,2.9320787138892515,2.4325507537484445,1.831459842392078,2.4005240489191415,1.418036989608944,2.3097244481527097,3.387448931342929,2.027077384190666,2.0673497703215014,2.434809233795637,1.3575648004417495,1.6468365294632485
AGA,1.678984200804543,1.508872402662253,2.074357253476229,1.6724266122716414,2.675882579634626,2.2681914384450583,1.8289707039383931,2.232636922646323,2.9674587653758513,2.9944043372022167,2.5088106605683964,2.2314895688675698,1.7481328893969867,2.2989805202471927,3.8397968365607857,1.9903351937860914,2.699496068897996,2.3497012704419133,2.366904794617611,2.3250941079882415
AGC,1.7765482263284063,1.4228806354145866,1.626337819907514,1.8150333874779838,2.036902828062666,1.550790642394658,1.6713233706850963,2.2374809375757323,2.2059772175723884,2.025052327589631,1.4809797823000905,2.216606213243144,2.0575920419306923,2.3488667367362144,3.1621916019387313,2.1728030833941148,1.7998970015680913,1.822547094830668,1.389172327879094,2.016226056691708
AGG,1.3298460808984067,0.7536602084317737,1.5830869079050418,1.9281590813715916,1.1047259956423516,1.9675092667057057,1.3396993899272704,1.7746205755858087,3.4031284387373817,2.390057020720744,1.3771952498041793,2.825369033735918,1.0172855513548884,1.5823537273334025,3.6136522048089055,2.258014058588973,1.990086145859908,2.0284822192700296,1.7209392888974122,1.540129989067632
AGT,2.0532270186208534,1.2104418146731568,1.9542030489612472,1.7542231414232194,2.691215048032551,2.3329868054639937,1.5199387884272784,2.1081997103309376,2.379624892268626,2.326598487005977,2.706317629537765,2.0549471085243427,1.5374646539681132,2.2053090920749043,3.1217906261874147,2.229618456200263,1.9129049478223357,2.4284374814893,1.5314565585956381,2.199307327113883
ATA,2.3931536238312248,1.4719249777896741,1.575834981266436,1.7098340781222046,2.41521101444109,1.9775021196025977,1.641957356664489,1.903993395638707,2.735709567304026,2.1203042775402956,2.5254718724898555,2.169310276868235,1.7068270974138304,1.0560529210934682,2.4967124994099135,1.9028935265293434,1.5431940314480193,2.2153587221637623,1.2341498185834088,2.03876872195286
ATC,2.0797790624897443,0.5493061443340549,1.9430787752918444,1.8316724013007013,2.5196083297542313,1.8286701444413163,0.9241962407465937,1.9875993745270508,3.020373003822906,1.8524049728112704,2.02820730215651,1.6326172236132288,2.573274925408153,2.7522457010313133,3.127519589733953,2.166053773625649,1.843440532661364,2.0768042325785667,2.678363549015693,1.6833288888528806
ATG,1.7616500525521608,1.700218681115391,1.3039425795659698,2.513792845215855,1.0823450882099381,1.7098340781222046,1.1729147536877336,2.214201259480991,2.586638404563862,2.0961634335310624,1.5767011966073636,1.8480926119135692,1.842952596920285,1.6720837917313247,2.5386578608516093,1.2273548491640598,2.165054103630212,2.0029579147641954,1.0624550040210812,1.702559748052586
ATT,2.1870565137968017,0.812017639881618,2.198368443033873,1.6578509547793574,2.4648167372890892,2.715206366310059,1.6942101997711707,2.409678809529436,2.7427796441254917,2.7011236990059757,2.9461262693242065,2.7886881807047175,3.0588319490597473,2.761393434268413,3.427276369678624,2.683677392566555,2.0260233508767174,2.1145261091684326,2.3548838738425864,2.6386596887993212
CAA,1.4720319735891594,0.9671607861079322,1.6025273620930682,1.3310213199979837,1.5246746883313111,1.2823129180422406,0.8549831191538455,2.3548838738425864,2.135303938354977,1.673977218134808,1.2824746787307684,1.8166099672265075,1.3228662189232576,2.1748585628405928,1.8362603330722391,1.3310213199979837,1.9005648499224306,1.0926586129582752,0.7675283643313486,1.7887669175740524
CAC,3.104946849350855,1.1647475948491048,1.718443684815702,3.0100850133181543,2.43567175410195,2.5191311266201764,2.713926226579434,3.417304658422364,2.8425117775782813,3.145295989043168,2.9461262693242065,3.67171728492617,2.588430762762569,3.565847460486401,3.9649373379968256,3.859684865392507,3.120048130868856,2.062241310597752,2.1066759233046075,3.3352240723414823
CAG,1.6568506280705149,0.5698867383223044,1.8643986570106252,2.0360857709015834,2.7519076481777174,1.7395462461241227,1.5276771210469997,1.975024970033286,2.653780258381455,2.5029518447823547,2.740294206669417,2.2639695118398055,1.5206686435173977,2.1319262144074247,3.66150303771877,2.412897794252354,1.6028439287710197,1.9702285684650989,1.2381557117436652,1.8626417952994492
CAT,0.7747536703100838,0.40235947810852507,1.5495073406201676,1.3170812395271425,1.4328381393118332,1.930254435919339,1.683647914993237,1.7300032783987034,1.783808990044652,1.523310357079001,1.6094379124341003,1.891733053391762,1.9250738008550292,1.812051537020715,1.9556183787376078,2.165054103630212,0.7835942651931685,1.1647475948491048,1.3086395462961955,1.6711074300169386
CCA,1.3456075240162755,2.0597048252607606,2.0873633484694083,2.4779684466893324,2.36732751110342,2.5126016973421317,1.9360970220046918,1.866024703326141,2.66925238181848,2.062248336821436,2.200110252278059,2.3710852041835406,1.7281017193514352,2.3931536238312248,2.8641495190195148,2.3479799367921013,1.750329430700643,2.000597370636172,0.5463293064791376,2.655247521206849
CCC,3.346016989358142,0.225791549805525,2.049724995118585,2.7412041706846315,2.6853941254806415,4.4478068154985895,2.197772111885251,3.5783753184190816,3.5812652381534127,2.8626523766126337,4.00852683699121,4.5029045285726745,3.5157422684789337,4.903804585639446,3.9970298110911,3.8115465077713337,3.251284458272982,3.36797874295279,3.8863866622677783,3.9172902559316434
CCG,1.962280135136129,0.2949394183561935,1.5415644013303482,2.3556907918469054,1.6730141852803233,1.6963391703800852,2.1761576529700015,2.0165977224112153,2.5488085014447943,1.6744181196221357,2.194599737186033,2.394785854968672,2.262898422897322,2.9696228254412684,3.601094746632196,2.4498140127569945,2.125325356511606,1.6860464545880205,3.032719608969771,2.4408793548470604
CCT,3.3040067339818258,0.6090132299112135,0.8320555977503448,2.8033087926192817,0.7454659423795986,3.759698058434543,1.1009111771628113,3.20450994677139,3.2061039490123298,2.843007473826277,2.548298557206646,2.753302120543126,0.691743854430548,3.6720774173429325,3.693977677854856,3.1967257012737487,2.948673636786919,2.9112842643347876,1.7267249573175836,2.062051390167912
CGA,2.024910893151147,1.5297220581415851,1.4163852905212373,2.7907788371806284,1.7520958168362601,2.1158702093466,2.2415857965514903,1.4593206822918068,2.524361961688186,0.8053667436862377,1.5197184893100202,1.8357106311786544,1.5588242944749893,1.8854713040554207,3.824411854206717,3.0838257048312054,2.037298363804821,1.9051761889077397,2.1673023930548303,2.7110107117449935
CGC,0.8441763961986323,0.2740582576115541,1.62809046979377,1.584114704077785,2.0631150347543055,2.1885038614451457,1.103336028863513,1.5195175131575382,2.140706063707701,1.6635365963067141,2.6484262747484673,1.6543697087986602,1.844992847185547,1.7155166169387686,3.112734286212869,2.3695992242350514,1.956243947658533,1.4517885829050823,1.0107628169586376,2.5020156717871624
CGG,1.8694177842015873,1.4880611219435633,0.9805029923812049,1.5178670232357037,1.7320659616323588,2.0842408211962633,1.3674401042500128,0.7672614875142347,1.875367179928436,1.304857349795492,2.169106642915392,1.4795575385217916,1.0585496714184128,1.39588774414272,3.2824100957737135,1.7767700561813284,1.3944024953639076,1.0154665923548838,0.3314327684177308,1.3337315804241145
CGT,1.090512447578445,1.1728266833317778,1.8341430043396794,1.08388248749317,1.8362603330722391,1.4484877196873203,1.9701524415537708,1.6678633775793583,2.414925692517205,1.892818657791099,1.8166099672265075,2.3257443239909237,1.9218000573296299,2.176271577252298,3.1022903970228906,1.9379093901638744,1.5481167128488686,1.4877800160955463,1.3575648004417495,1.6408383892727034
CTA,1.2654426550052233,0.511685576220899,1.4461427550511763,1.6384243726766252,1.6872568733402977,1.0846551384341174,0.9671607861079322,1.5439092463717956,2.5984400041717985,1.8672767561901085,1.3575648004417495,1.9250738008550292,1.1717840526943657,1.7866993183615778,2.906729930808856,2.1555320038032186,1.0685940983685338,1.7813786744751017,1.740889414994278,1.5685359094806235
CTC,1.7695880726017896,0.8290575209603337,1.930254435919339,1.4824932164093505,2.405691131453148,1.6563940621843198,1.842952596920285,2.007082020283334,2.460539472486903,2.135610416145028,1.6731049701126652,2.0918349098372264,1.5052769987035,2.7079638646763735,2.7400902989453577,1.9389204724570777,2.093483462175518,1.360098533106251,0.9591581091193483,1.9568611582055373
CTG,1.6683734297886483,0.7611306094308558,1.3535807628085375,2.496091121016768,1.881596248379375,1.2555324431055714,1.1446624014950486,1.4988318902991018,2.8575083761183575,1.4669641211841358,1.5840793816402023,2.107810279969715,1.9684663522303476,2.078752003337439,3.4920731354211725,1.8898863944833282,1.3145511396470437,1.6125652684434577,1.2286350646135233,1.194370775919249
CTT,4.130419497736391,1.6635532333438687,1.7565428827061569,3.1810781163858803,2.5354076691468856,3.507867895008687,2.6354341305619498,2.666879291013063,3.2807772830387427,3.0156913259126457,1.847281148272224,3.501165100331658,2.1091246758176347,3.8529766079666308,3.3745166640198714,2.9279742737747116,2.7069228523819358,2.8919478175860194,2.516507473065274,2.2832530235478368
GAA,1.8034643127617929,1.0312996288065046,1.8024532014299186,2.79055009224883,2.564053145696082,2.2295255179146003,2.5576079262247893,1.7417298528105047,2.7150872836890994,1.5119880514466149,1.810823095657589,1.4374643066232882,1.1853936371330716,1.880018255799722,3.810174286727064,3.1727558595832663,1.9039144756022934,1.8993078938825487,2.1242569703703613,2.6176310779174328
GAC,1.7941036194571731,1.9620802814148794,2.1261679269082316,1.4195461110080434,2.6638215457477896,1.6997320659061614,1.7837509699673704,1.9621069102611648,2.508639918407462,2.13796788924261,2.3886133897091244,2.4140882758339344,2.1879117883758035,1.9237415598369625,3.7400174293928896,2.312346601995522,1.9242336063151295,1.6709150637599806,1.797146400722174,2.041605096896016
GAG,1.9275986114855614,1.9749313818351506,1.5795408155199124,1.8057612041843514,2.514795636315662,2.486762804321603,1.4506835837978906,1.9629731836419226,3.2885758955528863,2.4328233678779188,1.495952688096049,2.5019731529727296,1.938350617073329,2.077031894122496,3.5588360924221916,1.4525110614779415,2.15655364961919,2.137152816795937,2.1520863402174384,2.34520168471408
GAT,2.72639348712349,1.3817625349338893,1.9046311151779325,2.511911010538959,2.1239514964895445,2.6949292860168765,1.2286350646135233,2.164135211317307,2.8845769501035528,2.201825434551931,2.9352901474718243,2.791012233932177,2.7543904996083586,2.6742168447768924,3.5449017941031618,2.4801340127511464,2.6169468282157604,2.915213515496136,1.6357994328702448,2.413317640408415
GCA,2.8919125911648687,0.945866526695881,1.325791011406806,2.8534344878572724,2.577727562952588,2.472976380915546,2.3674675593565273,2.6742612217746267,2.7179325389136455,2.971520795222494,2.7502126825892437,3.946313923439684,2.4259608958490766,3.093718019451663,3.562660434042565,2.6681792578731858,3.1986150770177986,1.7553312215033543,1.0917010857191227,2.538797063533322
GCC,1.4762038043918648,0.6867974408970293,2.2529769385463063,1.689702968040722,2.8794217864113643,1.8224296516356269,1.6437860751280926,1.524421309495339,2.650137261462891,2.0396784790873936,2.7758268218454916,2.6062743815430687,2.60654543684056,2.377167987431796,3.1912025340666097,2.529397338504291,1.8457764362058338,1.951849882827044,2.3103150101911716,2.1863593119797557
GCG,1.2157399545394458,0.4274376393474135,0.9556119589524922,1.0450859483262904,0.7746662879851262,2.1991245300198154,1.4335624767294521,0.9181301665361196,2.220685282910508,1.2069306914576585,0.9122670306460151,1.976783494931689,1.7403181236109768,1.843440532661364,3.274967399719458,3.580866865404384,1.162921764138407,1.8454046043651775,0.945866526695881,2.8271672403941075
GCT,2.881527045311536,0.22893248029900976,1.6979771338798544,2.776479901071062,3.2707273588493235,1.7774384334430002,2.8156964186704903,2.7825172498397692,2.5527376576331866,2.5333901270936767,1.6409281251000154,3.2681165308203375,2.905443541791239,3.4175945711756204,3.0494003221339683,2.4165760454049114,2.156935529782513,2.3022212525850083,2.7092089893133866,2.1769424094951484
GGA,2.456064158499065,1.5902783572280677,2.137586518634351,2.157643130358394,2.504246638126406,2.6566029895208936,1.7348917636534322,2.2002452040272837,3.377853502791569,2.0622323910087905,2.471877649503247,3.0840462512335143,2.599248515632913,2.82786279450181,3.538313611482778,2.264230169459138,2.57083177825133,2.2335831051558968,2.742188396435224,2.792514509570538
GGC,1.0698880230073344,1.433407575382444,1.4410095465321118,1.718443684815702,1.4831265897019483,1.521487037551498,1.4854288266817233,1.4892743846227603,2.3241961653202448,1.9356851036245308,1.6833288888528806,2.0873633484694083,2.217032360781484,2.2152578480838048,2.852685169667531,1.547610210224473,1.5869984720814019,1.657163842088654,1.9360970220046918,2.216606213243144
GGG,2.703748238478136,0.9405845887612592,2.893222446437111,2.0563391724693467,1.9458832285314618,3.2079104394566453,2.8378538521828105,3.2823645671686212,3.698365616168488,4.591907657686053,3.3087537838912775,3.827304157858601,2.9236624924654966,3.7567948655361207,3.304521561326567,3.129658353663813,2.3882161878232258,3.5413517168739332,3.847845939995783,3.9365310812631082
GGT,1.753068946545702,0.6362691287629073,1.9436560515849781,3.1544813893233443,2.5282007138787814,1.8791470870284892,2.734483609193828,2.7004204899961572,3.0873365355497664,2.0019085659926215,3.313273729586118,2.1474509559770407,2.303971435751724,2.4721922765538813,4.1827546551193935,2.975589811327885,1.9859135404155943,1.733409473532444,1.3653013552448106,3.028485419002596
GTA,1.5919144865275696,0.2763525069867779,1.922571505169192,2.30619698095217,1.2595545388585392,1.4085941042658696,1.8575196420290676,1.8933184349006231,2.398795825847933,1.8896235381966011,1.6437860751280926,2.1217537116457517,2.100399622801448,1.975183392255453,3.1318360198516806,1.9218308174601415,1.8362603330722391,1.5036198355056165,1.7696365101371607,2.268834589323448
GTC,2.0874441659358776,0.6411564590211203,1.7190284133845957,1.3560753033383002,2.242100066884568,1.4983996194831315,1.0456906063204159,1.2174616920079326,1.8816041380031912,1.9372854141503264,1.7696365101371607,1.6865221810517512,1.2203112147193087,2.042055188834741,3.0191370666373745,1.1607076576683546,1.465337921040561,1.7998970015680913,0.8290575209603337,1.2351273970974364
GTG,1.6853160780302103,0.879347377213549,1.6565409038642531,2.459210885186194,2.5607435147872284,1.6454865069295403,2.258404812609141,2.17820040572283,2.1640921660653136,1.2452813144788555,2.130921452040806,2.4704860320039987,2.3943963220521476,2.4026410823971296,4.081444736617285,2.87787453577015,1.6865044772398243,1.575967798980175,1.2655907944003033,2.8298962111991472
GTT,2.2945127437985184,1.4128590603937001,2.129454564134189,3.086111020811962,2.671802788178418,1.8942306832510483,2.788794651974884,3.608006268685989,3.6197042087274984,2.783239106556422,2.6561703654912177,2.180398429385307,2.750751720953905,2.9591150770435832,3.791961175567973,3.114180510690305,2.41846806310844,2.2618331274883863,2.1526498103065124,3.489694383068662
TAA,1.0971191128725373,0.18483924814931874,1.5161442254379565,1.8362603330722391,1.9804205158855577,1.565395226210864,0.8831549866738045,2.2751846647737297,2.6767698997679306,2.220685282910508,0.5700898574416636,1.4637642511764182,1.4701445803324793,2.329685046282316,2.9507648998314546,2.1761576529700015,0.8436284366701489,1.906870862732618,1.9135024711265767,1.3432857556048436
TAC,2.6046957842619487,1.2773952670785782,2.363267862735441,1.9543569183977618,3.489072080971676,1.9809745319988254,1.565395226210864,1.9968532788497626,3.5604994297421095,2.4939701494938418,2.6723118648908515,2.3736303598667288,2.5432060809488943,2.8065528358053746,3.3142826104511265,2.1652911528801737,2.167366095500401,2.051778002993699,2.9560431477086455,2.554462072205852
TAG,1.80434380260674,1.030347484452772,1.596744083848223,1.2982291042600536,1.8278616127853227,1.6609894902922595,2.0851817843337486,2.1254499420248174,2.1081139108384748,1.746495082817476,2.0424646366873693,2.612006021136812,2.015287262173663,1.3200661513668352,2.9808931905890774,1.5169552831343793,1.6745502249107147,1.6010757194578664,2.794948308709457,2.5710017480608767
TAT,2.093461423618525,0.9241962407465937,1.9368841757752095,2.093461423618525,2.5525548612666906,1.8042874341995696,0.7611306094308558,2.5191090777170784,3.0777158202474215,2.405902729166102,1.9135024711265767,1.891733053391762,2.1628764146422275,2.5350388829068753,2.645064531602933,2.03876872195286,2.264409149494984,2.333777358668276,1.8267134626340538,2.1063687823757977
TCA,2.2533756910458917,0.8741268903666201,1.5902783572280677,1.3472075023770116,2.5461285350783327,1.2447739504827404,0.8831549866738045,1.987746224331406,2.1632789715478653,2.35135686127075,2.02820730215651,2.2521551917696248,1.2762137988296982,2.182651648120075,3.1795798909909223,1.9556183787376078,1.4388058524606588,1.922571505169192,1.2901093516649556,2.0087726617617694
TCC,1.9690478313982538,1.3086395462961955,2.484980445807068,1.707594591231266,2.21293658646624,2.0739093342143486,1.0381806790282688,1.5122668369321848,2.3773448148000536,2.064320523274938,2.1915117112138227,2.070444511705782,1.9129049478223357,2.354765100656167,2.7086495718106063,1.9809745319988254,1.969923248447268,1.8922818819131462,1.7600882018224469,1.6038611578726578
TCG,2.650444028007195,0.4518012090523637,1.3071615947586674,1.5913304464699536,1.3771952498041793,2.200393676832798,0.771276136027294,1.0667326635557657,2.308593645212215,2.0845455847277505,2.3239988639553784,1.2640275500720992,0.8159932728288828,1.5965670123939024,3.4865522013687458,1.5283815200067719,1.258361493927397,1.4436256706473294,0.6186306152408362,0.9920058231175747
TCT,1.5369693339839556,0.716703787691222,1.5840793816402023,1.9253663209013274,2.1754930114005266,1.299552193232534,1.2613609572858908,1.5495073406201676,1.8471718443692866,1.5223856703718983,1.1901530767807735,1.6381800861513645,1.9160929006178673,1.6389617890579997,3.101581284789316,1.6169545036177855,1.1911328789077185,1.0222746645083247,2.049711555589573,1.1729147536877336
TGA,2.475191386162029,1.5369693339839556,2.198368443033873,2.4943234290124945,2.5623577217969555,2.341623874840942,1.9057622316733407,2.3978952727983707,2.8612829456475484,2.050482410314574,2.479211744992268,2.274216354704166,2.217032360781484,2.070444511705782,2.6937477867409103,2.0500252558683263,2.199307327113883,2.238645601072724,1.1179793234837827,1.7616500525521608
TGC,3.2091837184422327,0.16357994328702444,1.7905934218804511,2.7911710416988718,3.4958215300917708,2.591697701317353,3.185407805999838,2.726294885057933,2.371919125713562,2.848823703957378,2.551559812594918,3.499224390845081,3.0407856226771646,3.0246746805196243,3.1999561949049258,3.897339213503705,2.7454897267509812,1.8557035094046248,2.0223666866690313,2.88388082679743
TGG,1.6519598660644297,0.6530243159479889,1.7159122116487073,3.078865300971499,1.9636748184539436,1.7602810881434776,3.2406759578622566,3.630000112916193,3.0063141524972825,1.6740661985936778,1.644824644376897,2.4989075703391634,1.90682731124904,2.367864393244448,4.418843420124731,2.590921981869196,2.4036006414939175,1.9013952331605917,1.488547852797779,3.5373992360398727
TGT,1.7853779513008465,1.5633873496365773,1.5661030858368654,1.2762280610732522,1.4777374754954293,1.3945252419717171,1.4328381393118332,1.6085920557663616,2.040431944343825,1.7209392888974122,1.4463756386736581,2.1942382257450745,1.6374209005161013,1.9389511760162326,3.1947003552962703,1.7831117733412338,1.8228932744203314,1.6831821666095517,1.4204561968457576,1.9837107548680344
TTA,2.3851537378604672,1.683647914993237,1.9336868040121964,1.8075473864945175,2.742188396435224,2.2862133799229913,1.9548579228128893,3.0701134573253945,3.101581284789316,2.8796621311608175,1.2613609572858908,1.877130945780327,2.739715973562933,2.402250071662037,3.2890744800557363,2.7465307216702746,1.7391494527111695,2.432967266852629,2.5970191275026977,1.894417515976202
TTC,2.744871540958817,1.2938747370452313,1.121050033442284,2.502332606960145,1.4208167555073266,3.0024142976842385,0.8501093405576955,1.412684516867959,2.8751192424175853,2.3659765306511216,2.288919894684649,2.0937144023679792,0.7026147186836725,2.80961696827056,3.455217887342882,1.9253623737707073,1.4038208682286968,2.2556021187168414,0.4860125586215115,1.5930682766176925
TTG,3.2336519197730094,1.3080284688639852,2.599285008635853,2.914726054548592,3.059982792692644,2.4178924758521525,3.8205806254853845,3.39049089655563,3.114963476953046,3.1885855305988806,3.073939394241067,3.8304345544181917,3.424627894580085,3.127966692177395,4.026219803737475,3.352433344825964,3.418358579804809,2.8414543060872504,2.3001191325904333,3.101731458971329
TTT,3.8464666974676,0.0,2.6808726500543973,2.7764558811245936,3.1576016545617946,2.7041164425916877,3.1133136063215145,2.6441579153389254,2.4768807251761507,2.9054209287090504,0.8178997164351224,3.717809300622941,3.8229333073661547,3.413142047292516,2.5638687139279273,2.9770797161943223,3.166379957449681,2.8501476208185803,2.9193308892614267,2.460037609852675
