aa_motif,A,C,G,T
AA,1.9197747541072117,1.6589112474735246,2.0153900525903667,2.7842350767310147
AC,1.2036393042147413,0.915729921196039,0.8622128015212875,1.2762137988296982
AD,1.8047743504113833,1.132204574747492,0.7282413087445035,1.6720837917313247
AE,0.8562782184204244,1.343082391960101,1.260726608660186,2.4771224353733943
AF,1.2252331133008447,1.641114232190925,0.5745479790830748,1.518322395512261
AG,1.8860905033278164,1.116060305738016,1.384053453273883,1.4156704580814317
AH,2.165054103630212,3.390112177008528,3.1145813626318657,3.971398358994028
AI,1.653422675167431,2.5330894785218576,2.200871536844516,1.8263220500638828
AK,2.0479809584020545,1.7633763544019552,1.7897551010492962,2.1684504265433517
AL,1.9124273869489052,2.450964734919696,2.509918050865641,3.166143832202094
AM,1.5222612188617115,1.530196813003852,1.3411982603617503,2.1277537294374507
AN,1.998143030812603,2.2691372788141244,1.8903335461652309,3.1710119047663636
AP,1.4652716703938216,1.2441996134999553,2.042055188834741,1.898163982507835
AQ,2.424973504278621,2.226487455129923,1.5302169442268656,1.5276771210469997
AR,4.270214576337967,3.80815760785042,3.7426251369967183,3.354142615249179
AS,2.174767378588575,2.654789121487134,2.9013231491518297,2.0849841384718646
AT,1.2512906504577508,1.3206019039128643,0.8521062874931844,1.3368338655005956
AV,1.2722785457885275,3.0476503250283993,1.1490959581661495,1.688003210253523
AW,1.914416145950018,1.4637642511764182,0.26401323027336704,3.190745775835044
AY,1.7810369712144316,2.895030840487711,2.268058606900387,1.1502596669524574
CA,1.626337819907514,0.4790232251544668,0.4310067636861669,0.8782092461165225
CC,1.2395308380245946,0.6800874724461563,2.07576730900269,0.7359624888948371
CD,0.8549831191538455,0.7193685818395111,1.140866607463037,1.1729147536877336
CE,1.6025273620930682,0.6411564590211203,0.7916405485933872,1.2979800486612707
CF,1.0201312086692347,1.355403627157091,1.3601749448923126,1.1605929433295186
CG,0.8209786783322445,1.0150220498520226,0.709018494804472,0.3009098260536853
CH,1.2824746787307684,0.648636716351771,1.6094379124341003,0.0
CI,1.2824746787307684,1.1605929433295186,1.065582853203198,0.9591581091193483
CK,2.1853172259165503,1.5677471079645748,1.4328381393118332,1.3228662189232576
CL,1.3432857556048436,1.126248809229063,0.2706317629537765,0.8795532295997736
CM,0.40235947810852507,0.6931471805599453,0.0,0.0
CN,0.5312275020105406,1.530196813003852,1.770758340035135,1.1450596030091713
CP,0.5802964716647593,0.2030044099704045,0.0,0.0
CQ,1.9241690457065566,0.3271598865740489,0.8549831191538455,0.0
CR,2.3761190724603036,1.3601749448923126,1.8475164539748183,2.206672057727026
CS,0.9214762984601425,1.4719249777896741,0.8012636810465341,0.1770758340035135
CT,0.8047189562170501,0.6160308706378564,0.49419587373292223,0.7359624888948371
CV,0.0,0.0,0.39097158456257786,2.049711555589573
CW,0.0,0.0,0.0,0.0
CY,2.154970258541292,1.3943925202326009,2.552127892642548,1.4787139851945499
DA,1.4161650806831196,1.5302169442268656,1.6450163504708453,1.7348921883161206
DC,0.6777018135785455,0.0,0.0,0.358351893845611
DD,1.5369693339839556,2.4991185720846074,3.021089850753323,1.729685558065228
DE,1.8047743504113833,0.7174728120133126,0.6245610349152357,0.8190900430756822
DF,1.7635176459530624,2.843002141534354,0.7219858272059753,1.4891926788048082
DG,1.7631698562981788,1.3747005528049174,1.890919861042524,3.208771376471041
DH,1.354025100551105,1.624035279763236,0.7393569925972749,0.1934321572215864
DI,2.2105007844325684,2.438215192186684,3.1584156284747738,2.3620305806748627
DK,2.8963216564027974,1.8090497524360545,1.4775910711419424,2.7450625667302457
DL,1.869449910134477,1.4282989736175284,1.9141169849152224,1.7685127458499619
DM,0.45667836565851344,0.7737286288863456,1.014103651078255,0.7393569925972749
DN,2.2018223543256226,2.526907042396594,2.4105879485607216,2.246785643899243
DP,1.5727302530897305,0.9335109434673103,1.0480817167655312,1.812051537020715
DQ,1.2395308380245946,0.708303336014054,1.2286350646135233,1.5767011966073636
DR,2.264400228011967,2.1353333970329222,2.1686344444544425,1.7542231414232194
DS,1.630116376073918,1.6922653153467686,1.533388751017489,1.9591985887230297
DT,1.8594088087442011,1.6384243726766252,1.2046946814129733,1.6033871189345108
DV,1.1965768119156124,0.6352424521961332,1.5940436603082844,0.9853477159028817
DW,0.47957905455967414,0.3868643144431728,1.1775399822317394,0.23978952727983707
DY,2.94798978986587,1.2354896843323058,2.9970774448326543,3.0170473458031686
EA,1.620210138219948,3.092443357292719,0.5842849142692532,1.5781910822325054
EC,1.1401797148833273,0.49073982986107334,1.1911328789077185,0.0
ED,1.1647475948491048,1.1360208120750976,0.6175636985487182,0.9385654728901635
EE,1.4534991743220962,0.47957905455967414,0.9837054084664273,2.1684504265433517
EF,2.8878937627389645,2.8298612226704236,3.3390324146958847,3.2134555828764184
EG,1.8893744550257563,0.9018234755614315,1.051199671586009,1.1461488812408545
EH,0.4518012090523637,0.3243183581758855,0.0,0.0
EI,1.191330983985256,1.3357205104974608,1.6809314963819668,3.073939394241067
EK,2.0624373288018445,0.8672855998835658,2.849402397972482,2.723232012275821
EL,2.73229828076672,2.3707637182856693,2.0688256649923003,3.2190124594280976
EM,2.280458866980109,1.3202803439237052,1.5900794996216407,1.7696365101371607
EN,0.7174728120133126,2.219476036311093,0.5348694779123987,0.7644895671619938
EP,1.2042215989627998,1.2166882683663707,1.4727561138404575,3.125415497234549
EQ,1.8362556964254564,0.7336572017358718,1.7010439551752903,1.4279950467290305
ER,2.75991507716252,1.9938671035179774,4.566866373344247,3.9729112717908186
ES,2.2152578480838048,3.9492635526206854,2.9270395227221546,2.6677372916168434
ET,2.2057243422334194,3.099443907057619,2.025904971023772,1.7498671519692819
EV,2.1381173682398753,2.53333622629643,2.385939629292347,2.0811937507916096
EW,1.5649536001542537,1.6385617697455532,2.5954778875878497,1.0456906063204159
EY,2.3765046190626693,2.4300627931075574,0.5667995424863427,1.424716845805761
FA,2.529858830967244,1.6683734297886483,1.1322001140059834,2.5308853100104467
FC,1.9281903400682348,0.9814796597221467,1.578268128349331,1.030196161345544
FD,3.7029964348566047,1.7718153694403185,1.698300171008975,2.3590953796345953
FE,1.8861260384364682,1.4594326117914849,1.5086780436344411,2.620928164767563
FF,2.0303287869002142,1.8512247278751133,2.7348802085000257,2.3456533666635555
FG,1.7576760790415482,1.1502596669524574,0.9385654728901635,1.729685558065228
FH,1.6357994328702448,1.3601749448923126,1.8039084803498968,1.9629593194442934
FI,1.3228662189232576,1.4809797823000905,1.1851147570166778,0.9976572505229112
FK,1.869449910134477,2.2002452040272837,1.6728979835296733,3.7313153160738093
FL,1.2780708128768383,0.7971126270641635,2.9395698798833654,2.6151834293100724
FM,0.7737286288863456,0.4518012090523637,1.5936825060316215,0.8047189562170501
FN,2.722589437503357,1.842952596920285,1.986922367683767,1.3357777284108237
FP,2.6592898033040364,1.6374209005161013,0.7532897481606636,1.2435862814405005
FQ,2.449336618415449,3.690509510979662,3.0749483685733443,2.706962007030946
FR,2.8052977185566568,2.479871137979056,2.422307651040555,3.048842618990678
FS,2.032511356524068,1.707594591231266,1.5881368497669703,2.8375094061447386
FT,1.9556183787376078,2.426854203159522,1.458408849716246,1.9837480901017526
FV,2.36732751110342,2.8302877118239222,3.1306399157228015,2.863078888915275
FW,1.7887669175740524,3.426545232924214,0.4059476444306647,0.23456533666635554
FY,2.4057917368089865,0.8882741131642031,1.3368338655005956,0.8704630611880007
GA,2.7263111695468445,3.2751696344494214,3.0915396455965753,3.5287464084332214
GC,1.140866607463037,0.9122670306460151,0.8800441009112234,1.433407575382444
GD,1.11314810700902,1.0389382332084185,1.1728697823289247,0.7355482434670739
GE,1.797146400722174,1.4960749715490798,1.337856742533489,1.6872568733402977
GF,2.9942628946691965,1.815356873355045,1.9025038659145928,1.4662301172986258
GG,1.1634900875393808,1.2595829700171708,1.036819529670953,1.3863527968532703
GH,1.6581150419206674,1.1107348367250678,0.8501093405576955,1.218026459822427
GI,1.815745635965062,3.928561352910004,3.1888719708466735,2.3355471769662963
GK,1.681421239629616,3.3531819273649845,3.91076950808093,3.643515373656274
GL,1.7695987252982204,0.9163993398865784,1.2938458111195072,1.0125409825110083
GM,1.2392712207502672,0.7150765735247318,1.6269512530482106,3.0617807887271704
GN,1.3111903355499301,0.75263849935175,0.3909456568524286,1.035222255852891
GP,1.0336748851607507,1.8799574813207567,0.46472616257786764,0.7719546231858978
GQ,1.4679029613740509,2.7052941043341123,1.4701024730674366,2.4343522569464398
GR,3.293115708202277,2.769275874943294,2.490187428970295,2.4234640172209367
GS,2.5328404092872217,2.7095098070777444,1.8970861073498047,1.7520958168362601
GT,1.5350567286626973,1.8057663812070708,2.440008432387774,2.2991104648938596
GV,1.6942969712031486,1.3828213752442222,1.3683480793837457,1.5058683517662166
GW,2.217643237132057,3.2432046624915754,2.5163719252022063,2.7566363650936307
GY,2.3579303515850643,3.2747522113320864,3.651031967557444,1.3732653608351373
HA,1.0030327535122845,0.8204640625500077,0.7657282792978191,0.8831549866738045
HC,1.065582853203198,0.2558427881104495,0.1760088201822447,0.5212954460834371
HD,1.218026459822427,0.7883505983036818,1.9014443457717283,1.023371152441798
HE,0.406008819940809,0.7737286288863456,0.6412373393653842,0.9591581091193483
HF,0.47957905455967414,0.0,0.0,0.0
HG,1.8039084803498968,0.6682475365147633,1.008334119800082,1.2296264847046454
HH,0.358351893845611,0.648636716351771,0.5493061443340549,0.358351893845611
HI,0.7611306094308558,0.5100656043346173,0.5070518255391275,1.2827021792437432
HK,0.9591581091193483,0.8209786783322445,0.7611306094308558,3.3667148770054482
HL,1.6872568733402977,1.0830268868128246,1.3080284688639852,1.0746286044838749
HM,0.0,0.5493061443340549,0.358351893845611,0.0
HN,2.044429611063216,2.559656384611507,1.9014443457717283,1.354025100551105
HP,2.3003699851071002,2.9921762543658112,3.2770958280847204,2.355671075625466
HQ,0.708303336014054,0.4325752829284454,2.293468701485981,0.0
HR,0.8853791700175675,0.6867974408970293,0.8190900430756822,1.6357994328702448
HS,1.3763839523289028,1.1107348367250678,4.160399823831029,3.7676241610498673
HT,2.03876872195286,3.357053381917719,2.2009716052076156,2.1891489176872274
HV,2.4272669662954716,1.6744873407478829,2.2286851606140003,1.732090798716683
HW,2.9692014061493484,1.5246746883313111,0.8873406946934732,1.2613609572858908
HY,1.354025100551105,1.0986122886681098,2.281733214926074,1.624035279763236
IA,1.4306873602207906,1.6216543299225614,1.3054919457545222,1.1293985642403492
IC,0.6090132299112135,0.18232534723333504,0.22359586469675655,0.406008819940809
ID,1.9804205158855577,2.026050291653407,1.8511046902042987,2.032432734036003
IE,2.7175363689705256,0.8175154643270112,3.534017555911484,3.2766844008147644
IF,1.7296477357141273,2.6902739834073857,2.3667313609201495,2.0547869801721994
IG,1.6232822560105769,1.1020822722787513,2.057349490512816,3.1445506738498397
IH,3.396613724242476,1.5065794963213273,1.4054092738923165,2.882224721105211
II,2.3978952727983707,2.6438725681856377,1.9177778694526113,2.25409279977368
IK,2.3931954491319445,2.5799525354016595,2.283037885814539,2.9035276554367964
IL,2.0737148680742865,2.0428372589620434,2.6047787408871264,2.041605096896016
IM,0.7193685818395111,0.5802964716647593,1.5677471079645748,1.9135024711265767
IN,0.8239592165010823,3.1185805844880323,1.5289791343239876,1.4960749715490798
IP,0.5448723878683933,2.580146297853012,2.2397784167974883,1.9271955367492648
IQ,3.176545240655294,3.0496249299435343,3.0888046719425706,2.9919112296113255
IR,2.475191386162029,2.865925414392575,2.4985828915049932,2.88344469432059
IS,3.489684549812181,1.8868584745492816,1.5178670232357037,2.2590060452618186
IT,0.9181301665361196,2.414900812629126,1.2299952314570313,0.9238897792610841
IV,1.2003001444179406,2.0166923448624634,2.269882681447528,1.4271621689269511
IW,1.7866993183615778,3.037622947533025,0.5675571268077997,1.8362556964254564
IY,1.9302964596453414,2.3332850667740757,2.6264315440793884,2.317877629910151
KA,2.0760801799108246,1.7262932070033026,2.8030051393003883,3.2066511455442583
KC,2.2945830872123776,1.766309973347609,3.1145420370848074,1.6581150419206674
KD,2.530635093243197,1.4526472076577894,2.820579864314079,1.2529203854994935
KE,2.2059772175723884,2.1612270356991856,1.8007443413780613,1.317402597531886
KF,1.0536938990924498,1.4984868822357427,1.639769483984817,2.5942310150819656
KG,1.8286701444413163,2.646784701067097,2.22427255776387,1.6232662544400593
KH,1.966785503324895,1.9486536580760299,3.9139640042460018,3.729255137987963
KI,2.9992949057374627,2.419272370503077,2.081855099975004,3.4333188979985843
KK,3.3816646784783693,1.8758917798146406,2.702447614728587,3.590824467188693
KL,1.6641029551469946,3.1147469283117837,3.534394038489227,3.191784460040748
KM,2.1063687823757977,2.8377856340389984,1.5169068796558116,2.200110252278059
KN,2.6101331718534992,1.0064394226528697,1.6941452411417803,2.040289258969154
KP,2.2954859373868026,1.791148644483112,1.8112406678514132,1.8187649426841743
KQ,3.323323407845697,3.870130807833753,1.697463159255991,3.0627198810661103
KR,3.2728473383160996,2.089519171194636,1.8894281743034687,2.23973721312508
KS,2.212589554375907,2.4079073666138964,0.9609863315894253,2.7482200238472823
KT,2.5103416187630634,3.0188925155940445,2.3943963220521476,3.2343616785977947
KV,2.859489309166826,2.8801578012460824,2.662824414496744,2.402479637370623
KW,3.0739386679679113,1.6745502249107147,3.232116341682294,2.6342347477311248
KY,2.0719146718840524,3.3249239536231747,2.8821745853558953,1.9547282842621432
LA,1.74286895246035,1.3583817071038833,1.6388308351567806,2.2214028120788343
LC,0.35184800499953334,0.3044522437723423,0.5817757597784938,0.5469760417000051
LD,1.8044672947187566,1.3230111269988087,2.248648827700942,2.128481909529889
LE,0.8387906417340688,1.6917015890376312,0.5901636261440258,1.6967176767010863
LF,2.8041748652017153,2.0477554036130576,2.473344023266482,3.3551625669362752
LG,1.6605429086234977,3.7329640279958136,2.9076425904241767,2.271362034690977
LH,1.6872568733402977,0.6410853404552455,2.641299375998434,1.0605046870375292
LI,0.6297772694292696,1.0199915910361035,0.8252632381312591,0.9734503502625608
LK,2.1287560165252035,2.7733761163278716,2.1486206144950164,1.864142747269488
LL,2.9458668130945163,2.485325423340225,2.635953857105813,2.989606560244838
LM,2.4489258354198435,2.4932544801600818,1.8564000185619371,1.565395226210864
LN,2.7216452501696455,3.5507574618945936,3.4818107150616893,3.0764017431890447
LP,1.3368338655005956,2.6419783246231354,2.447257333109346,1.165931923457029
LQ,2.390546142291929,1.8027069269742415,1.7886586716739503,3.0346936787034484
LR,2.869782129229622,2.903900127259897,2.908305001193216,3.0916531075916445
LS,0.8479224141975512,2.2991104648938596,3.037563413556009,2.4816095202616584
LT,1.5965169192545094,1.350710657940777,2.143224009279054,2.4121280942401246
LV,2.21184740208583,2.804468161892118,2.535012114028851,3.4121510677404507
LW,0.1891733053391762,1.6085920557663616,2.4343522569464398,0.6157239481230956
LY,2.110009303374787,1.2422496090794068,2.585465905873836,1.518322395512261
MA,0.6338147819239095,1.641957356664489,1.3905760386175972,1.2216282810929606
MC,0.0,0.0,0.0,0.0
MD,1.6563940621843198,2.6334482546079165,2.088105858026942,1.0830268868128246
ME,2.462936034996733,1.9033312448851598,1.527035351366201,0.6412373393653842
MF,2.5970191275026977,2.506661145025408,2.9461262693242065,1.9160929006178673
MG,0.9027294781610561,4.075290940184795,3.6388038675261396,0.8650016391993517
MH,0.0,1.2070784343255752,0.9729550745276566,0.8047189562170501
MI,1.5211554766173827,0.8047189562170501,1.9360970220046918,2.8828092634420464
MK,2.5576079262247893,2.5461285350783327,1.0275338621045091,1.8201477318189836
ML,1.030196161345544,1.3817625349338893,0.7193071073222197,2.815223515273168
MM,0.0,0.0,0.0,0.0
MN,0.5070518255391275,0.6090132299112135,1.1401797148833273,0.406008819940809
MP,1.7482537807332401,1.9453388523047452,2.0597048252607606,2.8147840399962667
MQ,0.406008819940809,0.7215633921399587,0.45667836565851344,1.4210308697928313
MR,4.1004667161801605,4.1934546802366635,3.4059494296078032,3.732049406652282
MS,1.3032386152085929,2.3069753330782543,1.6684687541674017,3.247581155445318
MT,1.3200661513668352,1.2794854488979748,1.1335990849726854,0.915729921196039
MV,0.915729921196039,0.9133567313170269,0.7036960099990667,0.9133567313170269
MY,1.2395308380245946,1.2792139405522478,0.2558427881104495,1.0750556815368328
NC,1.1090354888959124,1.3086395462961955,1.030347484452772,0.0
ND,1.7633763544019552,2.0962477768149896,2.57253200104789,1.4002664152009656
NE,2.1847239262335107,3.220472888338049,2.515603457541119,2.1064232614958067
NF,2.3931536238312248,1.830466822078963,1.257397818157831,2.181512444500744
NG,1.3612947187516784,1.1350398320350574,0.9436381518538381,1.030347484452772
NH,1.974639709733454,2.461392187650023,0.9976572505229112,2.5066474420887053
NI,0.8943834587870262,1.1717840526943657,4.54818697335696,3.3210858172469955
NK,2.998227078808687,2.5250634153911458,2.6558764357934095,1.9247032470045988
NL,1.6386995770652462,1.7145716674730767,1.48612843510569,1.580045583556187
NM,3.413654194827661,3.0655656513296083,3.790902485561073,3.253965415302352
NN,2.142293962902814,3.859446162753747,3.277956160052417,2.358183862722445
NP,0.9647283594078171,1.8236099318091685,0.8910230241394378,1.353481003515473
NQ,2.583879186885166,2.344741036459722,2.4989854017445117,3.1743317627155125
NR,2.5153961202372748,3.176206455188629,2.718197300248628,2.9046592275866554
NS,1.731068548509025,2.284883223497694,1.758694754427098,3.0520664273492986
NT,2.4375986616005756,3.4349408573956657,2.371651678111288,3.7825585732753866
NV,0.8639048730083861,0.2595451697570672,0.5156498144032523,0.39097158456257786
NW,1.7016183984395976,4.030511730124897,4.456321687842172,3.520713890841926
NY,1.842952596920285,1.5685359094806235,2.252497618458126,2.5654043584874864
PA,1.6684687541674017,3.5508738376522713,3.6440535974798096,3.060647916515737
PC,0.3868643144431728,1.0201312086692347,0.4518012090523637,2.2590060452618186
PD,2.0673497703215014,1.3862283685389447,0.8888739886612288,0.5196880008343597
PE,1.4135836201970537,1.5588242944749893,2.256395140014389,0.9698323996053012
PF,0.4864775372638283,1.0957968328694516,2.0870025132714503,2.3890558544998783
PG,1.422499382531491,2.502332606960145,1.5518769938785417,1.3324111697463048
PH,0.4254045996098994,3.8311003494931732,3.683917550734658,1.3242131373742336
PI,1.250586519339267,1.4803157361576567,3.2458999437921423,1.3385242224679457
PK,2.2367750446241836,2.526204089371708,2.358509777807847,2.5922471021259925
PL,2.3568552420816413,2.5596326625854497,1.43789302390302,3.2489663282094887
PM,0.3153402393214727,1.7887669175740524,1.425224643604159,1.6357994328702448
PN,1.5633873496365773,2.246785643899243,1.3415751881805393,1.5840793816402023
PP,1.89070823862704,2.2465821370058094,1.8866412598665048,2.9969737644714853
PQ,2.2900571280225304,3.0443808059939763,3.177607893525937,3.5717611825363678
PR,3.234686842613078,2.479211744992268,3.15963489224371,2.8776117049213177
PS,2.0869793432534034,2.0739093342143486,2.3152573025650245,3.148161424967947
PT,2.1646901764198763,1.3032386152085929,1.7639467316845463,1.2070784343255752
PV,1.8111942693879037,1.0872164038275767,0.5471742684514206,1.5733105294039884
PW,0.6338147819239095,0.15222612188617116,0.2620204291913828,1.6114056700101635
PY,2.5577549576515954,2.801855591119098,1.7308155684037054,1.7577796618689758
QA,3.359907322671962,2.868735008041731,2.459899750802878,2.7159538600064095
QC,0.0,0.0,0.0,0.0
QD,1.202845565726574,2.5038791346648335,0.7491998097415657,0.5603964491378726
QE,1.389172327879094,2.3463326478145277,2.0855984976729025,2.8115411222052042
QF,2.1646901764198763,0.6013028267832989,2.3680279258455443,2.5547905341571564
QG,2.4575133006110734,3.1712268156304524,1.596782486049267,2.4889630447133944
QH,0.6089044875446846,0.4864775372638283,0.6589278316438963,0.4518012090523637
QI,2.7610191957079766,3.372685906329103,2.542453035463444,2.7803217261179154
QK,3.239431736955837,3.6061005988888737,3.7694622444117085,3.418720914530486
QL,0.7765616820941056,3.4722554256394536,2.4127990777139043,1.960634218280943
QM,1.2581842024717842,0.2763525069867779,1.082527051815106,1.1360208120750976
QN,2.80312841292731,2.1632789715478653,1.6245383041223542,3.0069495856631874
QP,2.448111548976034,2.244034804825486,3.4638029305447966,1.9875804471512386
QQ,1.433407575382444,0.15222612188617116,0.4518012090523637,1.2613609572858908
QR,2.5561416257536766,2.03876872195286,3.4377658532365545,2.112448550277928
QS,2.720575925791766,3.761417139246049,3.095599510640693,1.922571505169192
QT,1.702559748052586,1.1729147536877336,1.7600882018224469,1.5677471079645748
QV,0.7865051156165158,1.0027894097833427,0.8230314709826192,1.6939897052461796
QW,1.9938671035179774,3.437053985014651,1.2881269842533998,2.620204291913828
QY,2.2153587221637623,3.8515748341820486,3.6069286255235857,3.306278743184642
RA,1.7924834573321278,1.8362603330722391,2.321485089546239,2.9368646825469695
RC,1.2070784343255752,0.9036024181047274,1.1036908376251544,1.2341498185834088
RD,2.218747663126016,1.9749313818351506,2.5535402309938804,2.0179223583331485
RE,3.160440848573258,2.562395573752998,3.05845746645145,3.0671547901796523
RF,1.6189230752871875,1.8289707039383931,1.840928956178942,2.152418436039938
RG,4.096198666651194,4.440999600038613,3.5444898892464547,3.6604071751577787
RH,2.281733214926074,1.8270396897336403,1.3086395462961955,1.6028911475528007
RI,2.3983401055433484,2.1261679269082316,3.1011280791315206,3.908492554423512
RK,3.3908896604483916,2.421078679429649,2.523645210657239,3.441627650678907
RL,2.295680502903265,2.432775741051189,2.641299375998434,2.691215048032551
RM,3.7646059093934086,4.1795463518575,3.6404484957445256,3.185258530683221
RN,2.988781062068654,3.0268835374997227,5.141281467470398,4.331025742403362
RP,2.026050291653407,2.428848469114805,1.998616754619457,2.315863869557693
RQ,3.399427758535047,3.052991143928021,2.8366616335857464,3.041612534742287
RR,4.296852167324893,3.8299662921967754,4.233149344159634,3.757307998609613
RS,3.392114202392123,3.2057398359472598,3.1910418473550126,3.0567639196519747
RT,2.824388633659663,2.167366095500401,3.056531253362684,2.9682678011054677
RV,2.9551754296556703,2.0046330571087916,2.2249621482729984,1.556921541105596
RW,2.244476584670299,1.8867134655141566,1.5464992236486204,1.8150333874779838
RY,3.143543397394114,2.747508601951052,4.887845176832799,4.56438524032771
SA,2.837529104497713,2.35135686127075,2.3561273121135895,2.274214333679567
SC,0.8209786783322445,0.6867974408970293,0.6411564590211203,0.6800874724461563
SD,1.2453254425286058,1.4410095465321118,1.216315951758167,2.546875100403381
SE,2.9331209199942476,3.749961572995598,3.2888296215784196,3.370830536898872
SF,3.5455408640342556,2.021525633917275,1.9382747960206967,2.4208836293463136
SG,2.9446368310326476,2.0585074318373024,2.013366140127963,1.4149306113352118
SH,1.5677471079645748,0.8178997164351224,1.0043863308808847,0.8943834587870262
SI,3.250018511166838,3.096063166311827,0.9073523923239989,0.8751665095006035
SK,1.8921994119049164,1.8550275330842934,2.9741949169117303,2.3846849182431917
SL,1.7357099590771845,1.9569820021230009,1.603368576940732,2.2991104648938596
SM,1.2581842024717842,2.1500640962883697,0.998933079655421,1.804933601711853
SN,1.4777374754954293,1.4349456240266252,1.4306873602207906,2.077876466416837
SP,3.039349886348614,3.5424203835865393,2.3599013383450957,2.2040045818184932
SQ,2.3242087366195285,4.184558101029518,3.790098754169728,3.955282003535047
SR,2.7477429230774177,3.248648504740024,3.8673876449708904,3.8583702799519313
SS,2.9613960705464635,3.0465564762399864,2.3335394364651156,2.1507710362478156
ST,3.1512846059532715,1.730066816592354,1.4715801826958737,1.6811893474136177
SV,1.9035491879342532,1.3754795773416126,2.905684046259268,3.3501425312601993
SW,1.0685376343543207,0.17322933361145323,2.2053445495698742,0.5504555885814056
SY,3.9525155965273013,2.8527036581293563,2.2424310001945473,2.240742488444626
TA,1.6428133964452247,1.3961145323012136,1.3252220140035975,1.8412931578762823
TC,1.7837509699673704,1.4002216422432798,1.433407575382444,0.9382613466654222
TD,1.8057218916664783,1.9718267094705657,2.1050677697078632,2.8591943615646143
TE,1.9614660896585858,2.865054186954508,1.484724325422628,2.7961120661996874
TF,1.7327362576433787,0.6386976335392891,1.7163644471008168,1.3612947187516784
TG,1.2213158016854848,2.9452984544867675,0.7024191771540894,0.8562782184204244
TH,2.487172562881001,1.7482537807332401,2.195646376764627,1.5357938307669041
TI,2.0268126347912254,2.5880748662869144,1.4795575385217916,1.3364950730295266
TK,2.614503919671068,2.612068714965979,2.8505876744933096,3.1742393328298273
TL,2.0741939937912925,1.5393098703077388,1.6172094964776156,1.0612763243517132
TM,0.9241962407465937,1.1989476363991853,1.1901530767807735,1.5638863382503114
TN,2.611912087103085,2.8912263993419516,2.3067764173686247,3.1863835331234274
TP,2.2529372907209626,2.7344989275598954,1.7912260746544044,2.5968645000577206
TQ,1.1647475948491048,2.5535402309938804,0.8193497885326231,0.7388687377477147
TR,3.2371586182778005,2.722921104936343,4.787166942745486,4.181934359125011
TS,2.7543904996083586,1.3560753033383002,1.8893744550257563,2.5352712192846485
TT,2.118497589191196,2.792697837408091,1.6643276949393968,3.0004172241005014
TV,0.8267113375837155,1.2286545998350515,3.535111466577945,1.9094330126796766
TW,0.0,1.5901080158560423,0.8186880528330216,0.2625106250954466
TY,1.9224481005665122,3.301464087698274,0.461512051684126,1.0212323183436847
VA,2.1836459294242077,1.2486663495692762,1.114396813923266,1.6684687541674017
VC,1.3674401042500128,0.9122670306460151,0.7950397498108204,1.424716845805761
VD,2.030653027410154,1.6455469448616458,0.8790716483417699,2.947592931441631
VE,1.8838120805249337,1.155975594867573,1.17506213362708,1.3013545845955923
VF,2.371729793830276,1.8584763350169993,1.6717783726760023,2.279326657711278
VG,1.381943941422897,2.7476802116747066,3.660376006016838,2.1581057455185335
VH,0.7605777383086914,0.400948521908858,0.5624189577800993,0.5342970491842669
VI,1.2157399545394458,2.3158229312034466,0.9578184240331002,2.19135563239955
VK,2.672100957421774,3.060875671787367,1.495481389252607,2.62594806631413
VL,1.6839002970758787,1.5810756811777698,3.4198659825662023,2.4537103188717055
VM,1.394556606558151,1.4328381393118332,1.4026488592783284,2.5029940240518003
VN,2.4816095202616584,3.1606619401755816,3.756176277514158,3.1309049162009153
VP,1.1424827678092508,0.9466592174503116,1.2305176241372224,2.6882880104993725
VQ,1.59868120126221,3.4768936073460104,3.0119656172215508,1.2943991959238506
VR,2.1794895514735733,3.022883797593673,3.4028613219439814,3.9225228332534283
VS,2.227557560348594,2.610265196511163,1.7826507647061343,2.1203042775402956
VT,1.802270206026224,1.3012332552180292,1.4156566806683217,2.1965181728180463
VV,1.837845902235675,1.5125665909016321,1.2068335366838099,1.878119021033808
VW,1.530196813003852,1.416606672028108,1.7746813893869464,2.4138218433578
VY,1.2273548491640598,0.9689099769362852,0.726682482702214,0.7557327233151236
WA,0.0,4.3032003203256,4.440420995722552,2.9554749509908587
WC,0.46209812037329684,0.9241962407465937,0.0,0.0
WD,0.0,0.0,0.0,0.34004373622307815
WE,2.434809233795637,3.52731323714142,3.118689931274104,2.0500252558683263
WF,1.8512247278751133,1.1605929433295186,1.5222612188617115,2.697501371663089
WG,1.337856742533489,0.5861852591149305,0.916474116209651,1.7293348326631264
WH,1.2824746787307684,0.40235947810852507,1.740889414994278,1.0750556815368328
WI,1.575834981266436,0.7543504119829081,1.2595829700171708,1.1548622240763549
WK,2.064575928493354,3.2422005130493416,2.686894763708067,1.3612947187516784
WL,2.2800370426149756,1.5222612188617115,2.345829507375467,2.4790616760491893
WM,0.41452876048016685,4.10749953931558,3.888100468972092,0.16357994328702444
WN,2.4595545116643223,0.9591581091193483,3.0338137593116232,1.5474572577726913
WP,1.575834981266436,2.9357672460692408,0.8661466680572663,2.635726164740658
WQ,2.1121058421869363,2.7540711655218986,0.2325843528276814,2.4005240489191415
WR,2.7707977672498387,2.3983401055433484,2.8303103923570263,2.8090971405184293
WS,1.2938747370452313,0.29706307738283366,0.9591581091193483,0.0
WT,0.357050620319602,1.4910413499879567,2.467699001898096,0.22895905016258766
WV,2.00474260954429,1.3564739677107993,0.8005807961940234,2.860817514546079
WW,0.0,1.3560753033383002,0.0,0.15270353513662008
WY,1.6713233706850963,0.23590953796345954,0.760743518775749,1.0525338848539316
YA,2.4599904629140625,3.9373485246882733,2.5113713261683537,3.5424203835865393
YC,0.45667836565851344,0.0,0.7566932213567048,1.2824746787307684
YD,2.148567519369339,0.793330581516128,2.0741939937912925,1.9804205158855577
YE,0.851279874026293,3.838006904179129,5.08958083425552,3.520713890841926
YF,2.1452297205741955,3.4432289060802037,3.1632880855755,2.5131148098040326
YG,1.5169068796558116,2.096741493183353,1.804268348589861,2.024599857071647
YH,0.47957905455967414,0.42749155957692275,0.9241962407465937,0.5493061443340549
YI,3.09297043717273,2.4060921776862085,3.5251634242475167,3.362842479259232
YK,2.395116125772334,1.2296264847046454,1.8075473864945175,1.7300032783987034
YL,1.489742861509858,0.7971126270641635,0.37202010191267204,0.9519966978193535
YM,1.6381800861513645,3.9599307135336104,3.779141349573477,0.6013028267832989
YN,2.4173516276900133,2.515603457541119,1.457606757748068,2.4605829402879342
YP,1.731068548509025,0.9060257685103575,1.8707073910361776,1.0107628169586376
YQ,1.0990034407804208,2.940454132347796,1.3891608740210637,1.0259445760734571
YR,3.3708316126519384,3.4457206438666277,3.0858303623805035,2.1891489176872274
YS,4.193724091294317,3.0333714440024493,3.0209264908781193,1.8684167224038069
YT,1.9606496773890483,1.4540326237583172,1.2767784234351902,1.8063323984442
YV,1.6008822651200485,0.7973129725905868,2.2834978357219358,2.034710951566199
YW,3.2096640690220037,2.4814223151299535,1.0880788264850008,2.11705325229863
YY,2.2328097871457415,1.1625470539941207,1.0570069496030778,1.3368207151262708
