nt_motif,aa_motif,n_examples,positive_rate,mean_contact_score,mean_min_distance,specificity_score
T,R,2410,0.6726141078838175,0.22390223526970954,12.28720510373444,5.2381820495982065
A,R,2121,0.6605374823196606,0.18931795615275812,12.87195582272513,5.059792626667927
G,R,3457,0.6207694532831936,0.18087003239803298,13.335026670523575,5.058306161341621
C,R,2548,0.6106750392464678,0.16486367111459968,13.60273163265306,4.789803047570343
C,Q,2819,0.5619013834693154,0.12372960730755587,14.80106417169209,4.4640211378746155
T,K,2522,0.548770816812054,0.12161107057890563,14.917188858049167,4.29863372915116
C,N,1798,0.5517241379310345,0.13479891768631813,14.786187819799776,4.135164818731329
G,Y,2211,0.5359565807327001,0.13000860425146993,14.989849072817728,4.127751266273648
C,M,810,0.6123456790123457,0.13953315925925927,13.927304938271606,4.101655499804006
A,S,1814,0.5429988974641676,0.13672258985667035,14.774798070562294,4.074577252204227
A,K,2032,0.5280511811023622,0.12826481397637796,14.954073326771653,4.022307265759457
G,N,2179,0.5121615419917394,0.12415484029371271,15.33848889398807,3.93702682599999
A,Y,1306,0.5474732006125574,0.1704323078101072,14.38340765696784,3.928388319480336
T,N,1372,0.543731778425656,0.1387369555393586,14.675446209912538,3.928328018005034
C,S,2299,0.5041322314049587,0.10972001652892562,15.716456198347107,3.9023184174954686
C,G,2428,0.49917627677100496,0.11243697734761121,15.732192586490939,3.891196348414594
T,Q,1777,0.5171637591446258,0.1318028801350591,15.11488846370287,3.870062812814782
C,Y,2028,0.5034516765285996,0.12862987475345167,15.222159812623273,3.8339347164507673
C,K,3672,0.4651416122004357,0.12530982952069716,15.824584150326798,3.818237742445531
T,S,1768,0.5050904977375565,0.11857949773755656,15.305607748868779,3.777152452989077
G,K,4195,0.4498212157330155,0.10915084028605482,16.31145728247914,3.7523577381351716
T,F,1039,0.5380173243503369,0.1274097343599615,15.049501732435035,3.7375934356147247
A,F,1040,0.5278846153846154,0.12986229423076923,15.123843846153846,3.6677090871823252
T,E,1901,0.47711730668069435,0.11589137296159915,15.740876065228827,3.602551155968721
G,Q,2773,0.44861161197259286,0.11487240317345836,15.92534615939416,3.5566133168006573
T,A,1723,0.4730121880441091,0.09420465351131747,16.069236854323854,3.525077189638575
T,Y,1170,0.49572649572649574,0.16660710598290598,14.89248871794872,3.502611752894595
T,M,608,0.5427631578947368,0.11214578453947367,15.152892763157896,3.480098730829385
T,T,1802,0.462819089900111,0.10135327136514984,16.183940066592676,3.469850623835498
T,L,2566,0.4419329696024942,0.09365759859703819,16.414004208885423,3.4693917642665135
T,I,1943,0.45290787442099845,0.10819661245496655,16.259017138445703,3.429646230992248
G,S,2683,0.43123369362653746,0.08233578680581438,16.652138799850913,3.4046173936980804
A,N,1067,0.4854732895970009,0.11172622680412371,15.577810402999065,3.3854688698326454
C,P,2210,0.43936651583710407,0.08345466696832579,16.798016651583712,3.3836494912274118
A,Q,1320,0.4681818181818182,0.10804544621212121,15.944831893939394,3.36442210620818
C,W,1556,0.4569408740359897,0.08630594730077121,16.374320179948587,3.3587512841735045
C,A,2128,0.43796992481203006,0.09008786137218044,16.807093656015038,3.356342078797332
C,E,2667,0.42482189726284214,0.09141134533183352,16.986774765654292,3.351455805463531
C,T,2461,0.42868752539618044,0.08494857659488013,16.829291751320604,3.347504842996888
C,F,1391,0.46225736879942486,0.10138177498202733,16.06603206326384,3.3460485037347785
T,P,1346,0.462109955423477,0.09434857949479941,16.315890044576523,3.329795750168831
G,H,787,0.49809402795425667,0.09123942312579415,15.701079034307497,3.322037168010532
T,G,1775,0.443943661971831,0.10448418929577466,16.330707267605632,3.3216392742304603
T,H,523,0.5296367112810707,0.13223259273422563,15.465485086042065,3.316315863397569
G,L,4085,0.38922888616891066,0.07508752337821298,17.493287221542225,3.236563432766299
A,I,1696,0.43160377358490565,0.0886649192216981,16.711027004716982,3.2096720743817535
C,I,2658,0.4051918735891648,0.08078339051918736,17.080657185854026,3.195223742049937
T,V,1930,0.42176165803108806,0.08544378911917098,16.729309067357512,3.1909615191175185
G,E,3020,0.393046357615894,0.0722784380794702,17.391616920529803,3.1496153497701918
A,G,1592,0.4265075376884422,0.10388301319095478,16.571740012562813,3.1447997213749517
C,L,3145,0.38823529411764707,0.0785172813990461,17.192063529411765,3.1268032206988394
G,M,1021,0.4476003917727718,0.1235501028403526,16.06246415279138,3.101654421389802
A,M,549,0.48816029143898,0.08888682149362477,15.936062659380692,3.080251545655203
G,G,2832,0.3827683615819209,0.09112499964689265,17.287546963276835,3.042660729454901
A,D,977,0.4390992835209826,0.10289012998976459,16.555447697031727,3.023422362789086
G,W,1514,0.41215323645970936,0.10214813143989433,16.808327014531045,3.0182685125473743
A,E,1334,0.41754122938530736,0.08746378710644678,16.937849025487257,3.0049133582869065
G,V,3275,0.3709923664122137,0.07039902625954199,17.617327358778628,3.0029526139365332
G,F,1622,0.40505548705302097,0.07780638347718866,17.232639272503082,2.9941829468909287
A,L,1912,0.39539748953974896,0.0815373498953975,17.180807949790793,2.9877926490046187
G,I,2971,0.3699091215079098,0.07199555839784584,17.46177448670481,2.958159695730588
G,P,2401,0.3798417326114119,0.07160591253644315,17.557854144106624,2.956709698628744
G,T,2803,0.3685337138779879,0.0738811805208705,17.69049083125223,2.9257162762552906
A,T,1394,0.40100430416068866,0.08957453945480631,16.94343637015782,2.903531692316216
C,V,2533,0.36991709435452036,0.07981799170943546,17.33782005527043,2.8992453360227306
C,H,678,0.4410029498525074,0.10233984660766961,16.243752654867258,2.8756131521239676
T,D,1174,0.403747870528109,0.09000757580919931,16.892821976149914,2.854103155194289
A,A,1390,0.3935251798561151,0.0853012726618705,17.103310071942445,2.8482479647353407
T,W,833,0.4225690276110444,0.1034297575030012,16.749218967587034,2.8422979083196624
G,A,2449,0.3625969783585137,0.061138447937933854,17.8993876276031,2.8296500014464803
A,V,1642,0.37393422655298414,0.07756219123020706,17.53887947624848,2.768713385185677
A,H,464,0.4482758620689655,0.1440091875,15.77339202586207,2.7533271128495045
A,P,1193,0.38725901089689857,0.09394350796311819,17.086489354568315,2.7437549906169965
A,W,650,0.41846153846153844,0.09026053692307692,16.832208615384616,2.711007111816509
G,D,1922,0.34963579604578565,0.08465671123829344,17.75843491155047,2.643820631131977
C,D,1419,0.33262861169837915,0.06870307610993658,17.961725440451023,2.4143555567871635
A,C,314,0.3821656050955414,0.09016986942675159,16.992913375796178,2.1984354033728537
T,C,300,0.3333333333333333,0.06753394333333333,18.05141,1.902370088249625
G,C,548,0.24817518248175183,0.04145997262773723,19.872386678832118,1.565513481834482
C,C,291,0.2542955326460481,0.04468729896907216,18.862116838487974,1.4435731318482914
